ID,RA,DEC
iDR3.STRIPE82-0001.000165,359.8983171777531,-1.406893890087187
iDR3.STRIPE82-0001.000195,359.51386369148315,-1.4059249276509815
iDR3.STRIPE82-0001.000260,0.2060127043303687,-1.404535155261314
iDR3.STRIPE82-0001.000395,359.5144485480516,-1.4005509494993127
iDR3.STRIPE82-0001.000657,0.6619778370498633,-1.3937748175292455
iDR3.STRIPE82-0001.000789,0.685663672363507,-1.389904935425997
iDR3.STRIPE82-0001.001075,359.5946296935945,-1.3958521416000604
iDR3.STRIPE82-0001.001143,359.8025747900286,-1.3851218221196624
iDR3.STRIPE82-0001.001178,0.30845212423462337,-1.3809588182612442
iDR3.STRIPE82-0001.001233,359.8934774139642,-1.37964133645318
iDR3.STRIPE82-0001.001250,0.3927684076012454,-1.3796791692275177
iDR3.STRIPE82-0001.001256,359.95328935756635,-1.3790965348088011
iDR3.STRIPE82-0001.001306,0.3139205300377635,-1.3780918724085733
iDR3.STRIPE82-0001.001309,359.3179648096847,-1.377972420537841
iDR3.STRIPE82-0001.001478,359.7543685326059,-1.3739710027712622
iDR3.STRIPE82-0001.001496,359.5272322541467,-1.3734094508225847
iDR3.STRIPE82-0001.001521,359.6256542166552,-1.3730592153443637
iDR3.STRIPE82-0001.001646,359.6923653384501,-1.3790493003317212
iDR3.STRIPE82-0001.001650,359.8526829308204,-1.3714884699593297
iDR3.STRIPE82-0001.001967,0.05254488361954553,-1.3658533044538597
iDR3.STRIPE82-0001.001974,0.23745622990432957,-1.3707226778659642
iDR3.STRIPE82-0001.002162,0.29362305977640724,-1.3619128764240827
iDR3.STRIPE82-0001.002204,0.6746374677675073,-1.35791876546322
iDR3.STRIPE82-0001.002210,359.9805221756282,-1.3590861491102362
iDR3.STRIPE82-0001.002218,359.4060746179039,-1.3580015492551283
iDR3.STRIPE82-0001.002225,0.26100776767666606,-1.3570896005278714
iDR3.STRIPE82-0001.002247,359.54330156611815,-1.3566183060776316
iDR3.STRIPE82-0001.002311,359.34811040310814,-1.3620032437024772
iDR3.STRIPE82-0001.002312,0.2700088490184048,-1.3579367812969867
iDR3.STRIPE82-0001.002362,0.2314627721574696,-1.3548431525704516
iDR3.STRIPE82-0001.002378,0.21778718186546525,-1.3547368229687513
iDR3.STRIPE82-0001.002535,359.2994576817582,-1.3489405721737935
iDR3.STRIPE82-0001.002544,359.2971378168085,-1.3489407253658388
iDR3.STRIPE82-0001.002551,0.2808295213147788,-1.348676973511855
iDR3.STRIPE82-0001.002552,359.42700591683223,-1.3608662542903707
iDR3.STRIPE82-0001.002697,359.88969855588044,-1.3454444959674672
iDR3.STRIPE82-0001.002706,0.06662564949240715,-1.3516970414659564
iDR3.STRIPE82-0001.003145,359.6240094043948,-1.3345432905485262
iDR3.STRIPE82-0001.003311,359.6072937419394,-1.3344634092425904
iDR3.STRIPE82-0001.003312,0.18237452150503553,-1.3333065365523746
iDR3.STRIPE82-0001.003328,0.01953932920455298,-1.3297412514870055
iDR3.STRIPE82-0001.003391,359.49549756569604,-1.3280358501088005
iDR3.STRIPE82-0001.003510,0.15993539172104138,-1.3295822760469953
iDR3.STRIPE82-0001.003582,0.25099266673099163,-1.3236791464814501
iDR3.STRIPE82-0001.003704,0.23676964551342025,-1.3262798123830348
iDR3.STRIPE82-0001.003727,0.1451576804699038,-1.3336537859040782
iDR3.STRIPE82-0001.003858,359.820471323605,-1.3151345896734814
iDR3.STRIPE82-0001.003978,359.7873728722665,-1.3165890898695407
iDR3.STRIPE82-0001.003985,0.62317787596527,-1.3118157535006103
iDR3.STRIPE82-0001.004132,359.75799867196207,-1.3076246789998585
iDR3.STRIPE82-0001.004144,359.7700498007259,-1.3072250453743108
iDR3.STRIPE82-0001.004180,359.526114725075,-1.3059499422490022
iDR3.STRIPE82-0001.004228,359.90120315245827,-1.3118261808630998
iDR3.STRIPE82-0001.004259,359.90634787140243,-1.3036419186583752
iDR3.STRIPE82-0001.004302,0.2665750577427231,-1.304082821395891
iDR3.STRIPE82-0001.004433,0.05502440011208897,-1.299149368727311
iDR3.STRIPE82-0001.004475,0.49928803306051966,-1.2980849068842613
iDR3.STRIPE82-0001.004587,359.50060166059365,-1.2984194204600465
iDR3.STRIPE82-0001.004601,0.059293227951795445,-1.2936853359295268
iDR3.STRIPE82-0001.004711,0.33584496097372946,-1.2901888211042372
iDR3.STRIPE82-0001.004714,359.63785201272805,-1.2900120026329276
iDR3.STRIPE82-0001.004760,359.34006882656337,-1.290203403656556
iDR3.STRIPE82-0001.004850,359.63586959881565,-1.2857843853128283
iDR3.STRIPE82-0001.004871,359.92886580428376,-1.2851244178927717
iDR3.STRIPE82-0001.004874,359.3786413007906,-1.2849984399162053
iDR3.STRIPE82-0001.005054,359.92335047112846,-1.280430916105961
iDR3.STRIPE82-0001.005091,359.90832827087723,-1.283086992175224
iDR3.STRIPE82-0001.005139,359.6264335658539,-1.2774852254098286
iDR3.STRIPE82-0001.005344,0.011206769204428013,-1.2712924364230733
iDR3.STRIPE82-0001.005378,359.8640785222703,-1.271134608656429
iDR3.STRIPE82-0001.005381,359.93168206898997,-1.2776356905703359
iDR3.STRIPE82-0001.005402,359.58447813471076,-1.2706754828756759
iDR3.STRIPE82-0001.005499,0.3639799026831288,-1.2679283600959321
iDR3.STRIPE82-0001.005568,359.3510562694478,-1.2759667123327756
iDR3.STRIPE82-0001.005586,359.5842824640395,-1.2641766909610166
iDR3.STRIPE82-0001.005659,0.4787439397171428,-1.2618750902832643
iDR3.STRIPE82-0001.005783,359.6763189492476,-1.2578877914027389
iDR3.STRIPE82-0001.005791,359.33060344937854,-1.2644849816922503
iDR3.STRIPE82-0001.005814,0.12714453534384007,-1.2594763505579183
iDR3.STRIPE82-0001.005875,0.07892766383717036,-1.2551977726270727
iDR3.STRIPE82-0001.005879,359.72896119095697,-1.2547549634911963
iDR3.STRIPE82-0001.005885,0.6982573368634595,-1.2558341491062082
iDR3.STRIPE82-0001.005960,359.3005456796748,-1.2610953517949808
iDR3.STRIPE82-0001.005989,0.3308029190308004,-1.2514794558836404
iDR3.STRIPE82-0001.006010,359.8186684094214,-1.2506736190372056
iDR3.STRIPE82-0001.006014,359.57668888685197,-1.257896262563098
iDR3.STRIPE82-0001.006041,359.54459110925376,-1.2497400236687286
iDR3.STRIPE82-0001.006080,359.7395925395373,-1.2485508791320508
iDR3.STRIPE82-0001.006108,0.5051659073135201,-1.247296888858162
iDR3.STRIPE82-0001.006113,359.32429821040245,-1.2500449855544586
iDR3.STRIPE82-0001.006161,0.06521997085876181,-1.245759447922889
iDR3.STRIPE82-0001.006168,359.5786393852234,-1.245439592949336
iDR3.STRIPE82-0001.006204,359.63467334363594,-1.244405338068571
iDR3.STRIPE82-0001.006395,0.0366397343487526,-1.2384238975014656
iDR3.STRIPE82-0001.006426,359.8746563657998,-1.2388926056025378
iDR3.STRIPE82-0001.006428,359.8238906949727,-1.237434430880251
iDR3.STRIPE82-0001.006436,0.254460961152516,-1.2371296075743707
iDR3.STRIPE82-0001.006437,359.52716853167976,-1.2376460259526212
iDR3.STRIPE82-0001.006515,359.59812213502664,-1.2393535217156588
iDR3.STRIPE82-0001.006544,0.10812102984130018,-1.2335284814994771
iDR3.STRIPE82-0001.006617,0.10068011740020999,-1.2457802650860337
iDR3.STRIPE82-0001.006633,359.6349750134819,-1.2306747206793913
iDR3.STRIPE82-0001.006660,359.5003451043485,-1.2298558132011754
iDR3.STRIPE82-0001.006744,0.0898298592892182,-1.2274582318606644
iDR3.STRIPE82-0001.006776,359.40858227456613,-1.2269538003320828
iDR3.STRIPE82-0001.006783,359.81091099859685,-1.226392272133444
iDR3.STRIPE82-0001.006808,359.2984796842387,-1.225540177588909
iDR3.STRIPE82-0001.006868,0.07479361933284231,-1.2242457625588872
iDR3.STRIPE82-0001.006870,0.0820680883410448,-1.2233951485550925
iDR3.STRIPE82-0001.006891,359.79247544721875,-1.2227010529826499
iDR3.STRIPE82-0001.006941,0.1006690656019701,-1.2223666474955883
iDR3.STRIPE82-0001.006968,359.7937411777557,-1.2203291061312598
iDR3.STRIPE82-0001.006980,0.4949047457498408,-1.2350210832155737
iDR3.STRIPE82-0001.007164,0.023073598192258675,-1.2146175963539394
iDR3.STRIPE82-0001.007184,0.09605834777121175,-1.214128713979051
iDR3.STRIPE82-0001.007192,359.35727147858773,-1.2153977273782817
iDR3.STRIPE82-0001.007285,0.25783774162793094,-1.2175622702163789
iDR3.STRIPE82-0001.007351,0.13096832239897394,-1.2087762166625455
iDR3.STRIPE82-0001.007366,359.3104993495306,-1.208120344525896
iDR3.STRIPE82-0001.007380,359.98693208965676,-1.2233450861392459
iDR3.STRIPE82-0001.007421,0.39060819971105415,-1.2069912310469846
iDR3.STRIPE82-0001.007442,0.5138779906842446,-1.2062806899603316
iDR3.STRIPE82-0001.007468,0.02323629423564825,-1.2161147447687997
iDR3.STRIPE82-0001.007580,359.38982123033725,-1.217193202538722
iDR3.STRIPE82-0001.007587,0.0559459887438256,-1.2135671192219122
iDR3.STRIPE82-0001.007611,0.6487994540373597,-1.2034155392593104
iDR3.STRIPE82-0001.007685,0.6633528115658044,-1.2027922651993823
iDR3.STRIPE82-0001.007704,359.68799728992525,-1.2141286474093869
iDR3.STRIPE82-0001.007767,0.1286271231152127,-1.213026059142244
iDR3.STRIPE82-0001.007804,359.8366548317197,-1.2081586354117406
iDR3.STRIPE82-0001.007895,359.63170657101045,-1.1944517994667683
iDR3.STRIPE82-0001.008032,0.3007120530446646,-1.190523750720794
iDR3.STRIPE82-0001.008164,0.14709331564330663,-1.1868486118995687
iDR3.STRIPE82-0001.008308,0.16638966279731768,-1.1912103302521635
iDR3.STRIPE82-0001.008354,359.31627159228964,-1.1815173023871004
iDR3.STRIPE82-0001.008378,359.32962653609457,-1.1809443784310014
iDR3.STRIPE82-0001.008435,359.93972601854387,-1.2257630399834205
iDR3.STRIPE82-0001.008511,359.8066916054741,-1.1789328552076541
iDR3.STRIPE82-0001.008541,359.593693740398,-1.1828397363451528
iDR3.STRIPE82-0001.008700,0.6540896176292029,-1.1824391412470925
iDR3.STRIPE82-0001.008706,359.93206444610973,-1.2266673703199007
iDR3.STRIPE82-0001.008775,0.6505915068357447,-1.1774594021737366
iDR3.STRIPE82-0001.008861,359.8939242369513,-1.1682542736729349
iDR3.STRIPE82-0001.009104,0.2664982182581218,-1.1622093252212191
iDR3.STRIPE82-0001.009182,0.3254532428566485,-1.1598327451396349
iDR3.STRIPE82-0001.009237,359.4385727485827,-1.161254644455764
iDR3.STRIPE82-0001.009287,0.6728614398323329,-1.1569009489352111
iDR3.STRIPE82-0001.009322,0.24021236472446902,-1.1561206005185145
iDR3.STRIPE82-0001.009351,359.3633455259134,-1.1578197525770884
iDR3.STRIPE82-0001.009356,0.660642344243539,-1.1549694131563768
iDR3.STRIPE82-0001.009357,359.39462928843335,-1.1551144675829437
iDR3.STRIPE82-0001.009391,0.44812725190893415,-1.1553879870009964
iDR3.STRIPE82-0001.009402,359.4694724468297,-1.1739568889073482
iDR3.STRIPE82-0001.009470,0.2880759689968546,-1.1517521367350463
iDR3.STRIPE82-0001.009502,359.9227024861683,-1.1672952395584373
iDR3.STRIPE82-0001.009603,0.43290514552020865,-1.1477837993039652
iDR3.STRIPE82-0001.009610,359.9023512526565,-1.1476891962815672
iDR3.STRIPE82-0001.009660,359.7408477972479,-1.1574238793161875
iDR3.STRIPE82-0001.009714,359.8350785003277,-1.1446046182541727
iDR3.STRIPE82-0001.009734,0.2207027685317124,-1.1724083882023755
iDR3.STRIPE82-0001.009865,359.86530654528826,-1.140494810078145
iDR3.STRIPE82-0001.009887,359.90053408836854,-1.14354207630026
iDR3.STRIPE82-0001.009928,0.23098097288175282,-1.139487289129774
iDR3.STRIPE82-0001.009967,359.34536040018645,-1.1501562483721868
iDR3.STRIPE82-0001.010038,359.63758338109517,-1.1448618275762708
iDR3.STRIPE82-0001.010056,0.015649745717620206,-1.1341832154140734
iDR3.STRIPE82-0001.010119,0.14064907955703262,-1.1340901425463028
iDR3.STRIPE82-0001.010131,0.6866037696304007,-1.1336833435167244
iDR3.STRIPE82-0001.010233,359.39992541213917,-1.1286951655843245
iDR3.STRIPE82-0001.010288,0.6668676759033074,-1.1306978662808653
iDR3.STRIPE82-0001.010293,0.6760234195672052,-1.1293612706443101
iDR3.STRIPE82-0001.010326,0.24601752583971004,-1.1254632079760074
iDR3.STRIPE82-0001.010366,359.6365631540446,-1.1281248913796371
iDR3.STRIPE82-0001.010460,0.5193047524144173,-1.1228418281917505
iDR3.STRIPE82-0001.010465,359.4412963312193,-1.1211822313860136
iDR3.STRIPE82-0001.010514,0.32504646511558194,-1.1197033394746077
iDR3.STRIPE82-0001.010532,359.7356642485849,-1.1286477895061262
iDR3.STRIPE82-0001.010640,0.3192431394852878,-1.1200734430833403
iDR3.STRIPE82-0001.010731,359.64280218053494,-1.1289637530543821
iDR3.STRIPE82-0001.010740,359.8476199952732,-1.1128101664021355
iDR3.STRIPE82-0001.010744,0.23884964688366236,-1.114784369694172
iDR3.STRIPE82-0001.010872,0.418196995264872,-1.110268690981153
iDR3.STRIPE82-0001.010880,0.013350034080892362,-1.1129191770208278
iDR3.STRIPE82-0001.010968,0.672272879173605,-1.10617191036219
iDR3.STRIPE82-0001.010970,0.2793949714978448,-1.1062725109133884
iDR3.STRIPE82-0001.010988,0.2229467898311672,-1.1152384698190771
iDR3.STRIPE82-0001.011050,359.90474390739365,-1.103877787616732
iDR3.STRIPE82-0001.011064,0.41000263958102795,-1.1039314235576847
iDR3.STRIPE82-0001.011078,0.6920656664268541,-1.106459908993372
iDR3.STRIPE82-0001.011104,0.24574806093526036,-1.1080426951839526
iDR3.STRIPE82-0001.011141,0.23346237080681104,-1.1015222274979133
iDR3.STRIPE82-0001.011145,0.445385934499376,-1.104423050996175
iDR3.STRIPE82-0001.011276,0.6179609671879357,-1.0978053619027286
iDR3.STRIPE82-0001.011356,0.24716905753210064,-1.0966804629379971
iDR3.STRIPE82-0001.011386,359.93528844638627,-1.100229476776762
iDR3.STRIPE82-0001.011457,359.89870431889824,-1.0929976255317888
iDR3.STRIPE82-0001.011615,0.038652134125980196,-1.0888267192677128
iDR3.STRIPE82-0001.011682,359.3267981280105,-1.0873180919176095
iDR3.STRIPE82-0001.011750,0.5177533100219761,-1.084408532870258
iDR3.STRIPE82-0001.011890,0.4564688023018818,-1.080315297008207
iDR3.STRIPE82-0001.011926,359.45413352989414,-1.0798744418062667
iDR3.STRIPE82-0001.011945,0.5112201245019689,-1.0857754911993163
iDR3.STRIPE82-0001.012039,0.40832096859961664,-1.076071559371545
iDR3.STRIPE82-0001.012188,0.45411853204005553,-1.071823159834932
iDR3.STRIPE82-0001.012201,0.5768931522688082,-1.076360948822332
iDR3.STRIPE82-0001.012202,359.90653671901265,-1.0709611447378058
iDR3.STRIPE82-0001.012234,0.25553727766179846,-1.071004270976605
iDR3.STRIPE82-0001.012251,359.66232598223513,-1.069745457262514
iDR3.STRIPE82-0001.012378,0.47074628635667626,-1.0708776673874858
iDR3.STRIPE82-0001.012450,0.5307239371456037,-1.0649294383281294
iDR3.STRIPE82-0001.012542,0.5271559514332715,-1.065295902883725
iDR3.STRIPE82-0001.012558,359.7202171269688,-1.0800247671875804
iDR3.STRIPE82-0001.012572,359.5696609023219,-1.0603853040589188
iDR3.STRIPE82-0001.012621,0.28131028900129285,-1.05997130411479
iDR3.STRIPE82-0001.012641,0.1286033195562654,-1.0587101907205145
iDR3.STRIPE82-0001.012663,0.2833785745523154,-1.0613823204709567
iDR3.STRIPE82-0001.012811,0.6193095583545613,-1.0535114108957473
iDR3.STRIPE82-0001.012812,0.1378870436250216,-1.058666216942111
iDR3.STRIPE82-0001.012814,359.40443285677856,-1.053343716991061
iDR3.STRIPE82-0001.012820,0.26482561955989775,-1.0533191184221387
iDR3.STRIPE82-0001.012832,359.3515440807687,-1.052965713998784
iDR3.STRIPE82-0001.012849,0.5196032112100373,-1.0580066369158556
iDR3.STRIPE82-0001.012897,359.48509160044176,-1.0581350315434663
iDR3.STRIPE82-0001.012933,359.51746920599,-1.06907571878893
iDR3.STRIPE82-0001.012937,0.5687420528061816,-1.05005482652471
iDR3.STRIPE82-0001.012953,0.34779276872038123,-1.0539415750379582
iDR3.STRIPE82-0001.012967,359.52205759621245,-1.0613297294458093
iDR3.STRIPE82-0001.013033,0.47567094584055974,-1.048809043173132
iDR3.STRIPE82-0001.013050,0.41989618297239734,-1.0470209172612814
iDR3.STRIPE82-0001.013070,0.5496915576526735,-1.0464374511565455
iDR3.STRIPE82-0001.013151,359.9350965500156,-1.0443897796736312
iDR3.STRIPE82-0001.013210,359.2951799540584,-1.042258424854543
iDR3.STRIPE82-0001.013247,0.16642172280758258,-1.0413661334155093
iDR3.STRIPE82-0001.013249,0.18106901394334596,-1.041431795432919
iDR3.STRIPE82-0001.013299,359.91946940425953,-1.0402469701531725
iDR3.STRIPE82-0001.013446,0.5884039444466801,-1.0363964666373484
iDR3.STRIPE82-0001.013531,0.20480888826083601,-1.0340264118290134
iDR3.STRIPE82-0001.013680,0.4477103942008494,-1.0299775006906398
iDR3.STRIPE82-0001.013723,0.320897079580977,-1.032812555799413
iDR3.STRIPE82-0001.013745,0.12810554505237914,-1.028548008647091
iDR3.STRIPE82-0001.013748,359.7117074036064,-1.0282687021969774
iDR3.STRIPE82-0001.013764,0.4235534961403024,-1.0277182759260404
iDR3.STRIPE82-0001.013804,359.5652882318625,-1.0286527415675526
iDR3.STRIPE82-0001.013817,359.46820395125275,-1.0271835138406231
iDR3.STRIPE82-0001.013822,0.4055214995318294,-1.0264770031803725
iDR3.STRIPE82-0001.014092,0.25652728545541936,-1.0195380367730613
iDR3.STRIPE82-0001.014274,359.7885438609837,-1.012778623477911
iDR3.STRIPE82-0001.014302,0.09555461631830353,-1.0120128645320758
iDR3.STRIPE82-0001.014585,359.88242756099174,-1.0116357783861067
iDR3.STRIPE82-0001.014711,359.5619775599525,-1.001237320491844
iDR3.STRIPE82-0001.014738,0.3029168183619333,-0.9991653502985134
iDR3.STRIPE82-0001.015049,0.23023963520731192,-0.9889791631030957
iDR3.STRIPE82-0001.015058,0.4578289886579282,-0.9905276210926413
iDR3.STRIPE82-0001.015136,0.30596680546781835,-0.9930067931992769
iDR3.STRIPE82-0001.015178,359.5342765845583,-0.9966558614492937
iDR3.STRIPE82-0001.015232,0.3816835732280003,-0.9839298110597723
iDR3.STRIPE82-0001.015289,0.14943729083859242,-0.9824683302681175
iDR3.STRIPE82-0001.015291,359.52613781071517,-0.9872759094466319
iDR3.STRIPE82-0001.015297,359.89756230495146,-1.0096422577968183
iDR3.STRIPE82-0001.015301,0.09399925093988436,-0.9884837772431309
iDR3.STRIPE82-0001.015333,0.21559204871625265,-0.9812452613232551
iDR3.STRIPE82-0001.015334,0.2929995367259315,-0.9808409554376669
iDR3.STRIPE82-0001.015432,0.6892001228465746,-0.9934221107787679
iDR3.STRIPE82-0001.015454,359.60577251164136,-0.9775705687827726
iDR3.STRIPE82-0001.015490,0.611548315631375,-0.9767722133217746
iDR3.STRIPE82-0001.015612,0.5979208606070028,-0.973449433775537
iDR3.STRIPE82-0001.015634,359.51577584843176,-0.9766968990336049
iDR3.STRIPE82-0001.015639,0.2721187478281233,-0.9739722659964668
iDR3.STRIPE82-0001.015643,359.8125441997468,-0.9792602398332435
iDR3.STRIPE82-0001.015692,0.40210911415674344,-0.9772292257426568
iDR3.STRIPE82-0001.015735,359.5519364722865,-0.9708942141904953
iDR3.STRIPE82-0001.015779,0.06769311922257033,-0.9678464544904468
iDR3.STRIPE82-0001.015837,359.4920143992404,-0.9662291711387492
iDR3.STRIPE82-0001.015857,0.4782370978744971,-0.9655668047748391
iDR3.STRIPE82-0001.015858,359.5787857607953,-0.9689834974552669
iDR3.STRIPE82-0001.015865,0.3168020712259226,-0.9671948232104636
iDR3.STRIPE82-0001.015898,0.4958253115388422,-0.9644170978405854
iDR3.STRIPE82-0001.015917,0.5443972622706993,-0.966457046504913
iDR3.STRIPE82-0001.015974,0.4933594232516736,-0.9625617603390411
iDR3.STRIPE82-0001.016033,0.6272577482823644,-0.9605433038350938
iDR3.STRIPE82-0001.016053,359.60774044839866,-0.9655458096824311
iDR3.STRIPE82-0001.016161,0.33377107340847756,-0.9588796692584363
iDR3.STRIPE82-0001.016285,0.34258724210765795,-0.9528502615379716
iDR3.STRIPE82-0001.016324,0.5944886003232647,-0.9517359710607055
iDR3.STRIPE82-0001.016332,0.23653892087917003,-0.9565162067373726
iDR3.STRIPE82-0001.016351,0.5404326570125688,-0.9523342742355323
iDR3.STRIPE82-0001.016469,0.17206979097162078,-0.9553470847457056
iDR3.STRIPE82-0001.016577,359.7554692405659,-0.9461055690858201
iDR3.STRIPE82-0001.016584,0.0967191555955266,-0.9445280300581403
iDR3.STRIPE82-0001.016585,0.5793430657517249,-0.944586452108992
iDR3.STRIPE82-0001.016661,0.27285924077303747,-0.9430871261917547
iDR3.STRIPE82-0001.016667,359.57653677917773,-0.9422666440003598
iDR3.STRIPE82-0001.016671,0.5065193626569355,-0.9612489377119532
iDR3.STRIPE82-0001.016701,0.05111733527972641,-0.9435359013862268
iDR3.STRIPE82-0001.016728,359.85406344155933,-0.9404012975547167
iDR3.STRIPE82-0001.016815,0.2515431601154963,-0.9413170289443274
iDR3.STRIPE82-0001.016886,0.18082270447905147,-0.9363597947140777
iDR3.STRIPE82-0001.016998,0.3626524626610783,-0.9348185193669676
iDR3.STRIPE82-0001.017118,0.19289885423238118,-0.9299492770337474
iDR3.STRIPE82-0001.017174,359.65193238498875,-0.9306171614766289
iDR3.STRIPE82-0001.017194,0.6837957656358394,-0.9289540756389311
iDR3.STRIPE82-0001.017264,359.8545616030681,-0.92606668502857
iDR3.STRIPE82-0001.017303,0.11846753892275119,-0.9250251639606213
iDR3.STRIPE82-0001.017410,359.6945736513567,-0.9269328159734727
iDR3.STRIPE82-0001.017493,0.32413535321106773,-0.9366003062248384
iDR3.STRIPE82-0001.017524,0.11295417676889338,-0.9188816935761283
iDR3.STRIPE82-0001.017691,0.00897074871695116,-0.9144256341956364
iDR3.STRIPE82-0001.017921,0.364426935429091,-0.9076218930959961
iDR3.STRIPE82-0001.017934,0.2806181016472773,-0.9081904434174314
iDR3.STRIPE82-0001.018006,359.40187704623185,-0.9064229904598393
iDR3.STRIPE82-0001.018044,0.4639741147076842,-0.9047910886103716
iDR3.STRIPE82-0001.018061,359.4334181290301,-0.9041934420357275
iDR3.STRIPE82-0001.018086,359.51838961248467,-0.9033812324060796
iDR3.STRIPE82-0001.018116,0.561814925730965,-0.9042411351462029
iDR3.STRIPE82-0001.018141,359.9169256205208,-0.9045665395065797
iDR3.STRIPE82-0001.018175,0.5156231060045052,-0.906995669989947
iDR3.STRIPE82-0001.018229,0.0057544224040546,-0.8990868470945756
iDR3.STRIPE82-0001.018239,359.5357017643373,-0.8987377909422952
iDR3.STRIPE82-0001.018305,0.25091006796941834,-0.899461992336153
iDR3.STRIPE82-0001.018401,0.4073385005969201,-0.8949090844099143
iDR3.STRIPE82-0001.018437,359.87437793688696,-0.8954122729707322
iDR3.STRIPE82-0001.018452,0.7067401520697926,-0.8939900635268918
iDR3.STRIPE82-0001.018458,0.7112773710514069,-0.8939540248266055
iDR3.STRIPE82-0001.018545,0.7120002341537013,-0.8963880732855743
iDR3.STRIPE82-0001.018618,0.7109138524640857,-0.906794029960628
iDR3.STRIPE82-0001.018708,0.29863522774468115,-0.8867239581197595
iDR3.STRIPE82-0001.018725,359.8718852609044,-0.893211692862118
iDR3.STRIPE82-0001.018843,0.5836268382325284,-0.8832160062011378
iDR3.STRIPE82-0001.018883,0.17641553978227525,-0.882152686621199
iDR3.STRIPE82-0001.018895,0.4820996967833382,-0.8818514590069885
iDR3.STRIPE82-0001.018944,359.53669336779996,-0.8867403687187826
iDR3.STRIPE82-0001.018980,0.38113829427246576,-0.8798655297045634
iDR3.STRIPE82-0001.019032,0.704518919736122,-0.8850658844388631
iDR3.STRIPE82-0001.019056,0.22729926606985018,-0.8778130172825678
iDR3.STRIPE82-0001.019092,0.5613494381639368,-0.8767159398809469
iDR3.STRIPE82-0001.019133,0.17229591684255346,-0.8755238467542598
iDR3.STRIPE82-0001.019138,359.4596190349194,-0.8790608128821297
iDR3.STRIPE82-0001.019165,0.26367787544588106,-0.8746157653572995
iDR3.STRIPE82-0001.019195,359.7092586412528,-0.8738668316711523
iDR3.STRIPE82-0001.019237,0.7054115543200816,-0.8765636407401166
iDR3.STRIPE82-0001.019305,359.7203043287948,-0.8722771720428059
iDR3.STRIPE82-0001.019478,0.44725511488708075,-0.8667399398864789
iDR3.STRIPE82-0001.019568,359.6314485545723,-0.868068511064039
iDR3.STRIPE82-0001.019629,359.66514791634046,-0.8619125314327638
iDR3.STRIPE82-0001.019656,359.8749366169116,-0.8617812900123617
iDR3.STRIPE82-0001.019674,0.6709103572914474,-0.8620099987830937
iDR3.STRIPE82-0001.019889,359.43092858502496,-0.8544334906330148
iDR3.STRIPE82-0001.019901,0.5191147800509425,-0.8541637607626319
iDR3.STRIPE82-0001.019984,0.42690323967322835,-0.8517321545259056
iDR3.STRIPE82-0001.020008,0.5412362138024052,-0.8508987854812509
iDR3.STRIPE82-0001.020117,0.41469461538284386,-0.8484909716107465
iDR3.STRIPE82-0001.020121,359.30354116050756,-0.8538428669370108
iDR3.STRIPE82-0001.020181,359.6371973480993,-0.8459507721947459
iDR3.STRIPE82-0001.020263,359.3334181589737,-0.8472230213194695
iDR3.STRIPE82-0001.020273,359.63814038878144,-0.8432666425778378
iDR3.STRIPE82-0001.020281,359.33799897552876,-0.8479655311480306
iDR3.STRIPE82-0001.020328,359.3010422060366,-0.8412952690977202
iDR3.STRIPE82-0001.020525,0.5008127284167408,-0.8350028627297381
iDR3.STRIPE82-0001.020563,0.348899723209532,-0.8519127995062654
iDR3.STRIPE82-0001.020602,359.4060043942133,-0.8326345331863156
iDR3.STRIPE82-0001.020624,0.32463442138850496,-0.8321276041668941
iDR3.STRIPE82-0001.020658,0.36895756940952557,-0.830731674936339
iDR3.STRIPE82-0001.020739,0.583184580366483,-0.8300896902463458
iDR3.STRIPE82-0001.020878,359.4820895087378,-0.8246217897263491
iDR3.STRIPE82-0001.020980,359.75181552021235,-0.8229583139151476
iDR3.STRIPE82-0001.021021,0.617848036518695,-0.8194863029809197
iDR3.STRIPE82-0001.021042,359.5698189059935,-0.8209495167236214
iDR3.STRIPE82-0001.021055,0.28947466425531515,-0.8183774978366487
iDR3.STRIPE82-0001.021072,359.4018736197059,-0.8189165397909252
iDR3.STRIPE82-0001.021094,359.5056579025985,-0.8170830336503838
iDR3.STRIPE82-0001.021147,0.539852440503894,-0.8169093486687043
iDR3.STRIPE82-0001.021179,0.3631055723654472,-0.8142881348347942
iDR3.STRIPE82-0001.021187,359.9773737772113,-0.8173425787659646
iDR3.STRIPE82-0001.021229,0.2804109054940622,-0.8137805900831035
iDR3.STRIPE82-0001.021277,0.3930159500142079,-0.8119565085106378
iDR3.STRIPE82-0001.021278,0.5965515004166942,-0.8118449706428177
iDR3.STRIPE82-0001.021299,359.8452811175602,-0.8111444288853323
iDR3.STRIPE82-0001.021323,0.3761005697298776,-0.8131458975693611
iDR3.STRIPE82-0001.021359,0.5584947691425681,-0.8092955265766718
iDR3.STRIPE82-0001.021437,0.3604074896003933,-0.8071927748795973
iDR3.STRIPE82-0001.021497,359.6621422477442,-0.8051329477524952
iDR3.STRIPE82-0001.021529,0.29515572654434863,-0.8043774836490943
iDR3.STRIPE82-0001.021538,359.4851893863361,-0.8041021180752922
iDR3.STRIPE82-0001.021582,0.17580309244669895,-0.802984604894438
iDR3.STRIPE82-0001.021642,0.6698098595940405,-0.8009839742164547
iDR3.STRIPE82-0001.021653,0.31440564384142333,-0.8030421188000997
iDR3.STRIPE82-0001.021776,359.82232412302375,-0.7978337663716951
iDR3.STRIPE82-0001.021783,0.2944373007128386,-0.8081710942374251
iDR3.STRIPE82-0001.021827,359.44625850799133,-0.797747386180379
iDR3.STRIPE82-0001.021903,359.326513895698,-0.794363891439723
iDR3.STRIPE82-0001.022067,0.10979282191409868,-0.7906343800100833
iDR3.STRIPE82-0001.022069,0.18457855068786258,-0.7900261803855285
iDR3.STRIPE82-0001.022084,359.7229106532226,-0.7899588804070811
iDR3.STRIPE82-0001.022125,359.9731654816113,-0.788214524705265
iDR3.STRIPE82-0001.022153,359.3537441330045,-0.7949096715905828
iDR3.STRIPE82-0001.022174,359.5350950966854,-0.7867795617729109
iDR3.STRIPE82-0001.022182,0.5662380662702844,-0.7865723816081434
iDR3.STRIPE82-0001.022201,0.27256676860903206,-0.7863241386800887
iDR3.STRIPE82-0001.022385,359.67520059915364,-0.7807263767049959
iDR3.STRIPE82-0001.022491,359.5202435198018,-0.781310545283956
iDR3.STRIPE82-0001.022629,0.03464921692735271,-0.7737885664807149
iDR3.STRIPE82-0001.022681,0.6694441105215434,-0.7709393452054409
iDR3.STRIPE82-0001.022726,359.32077075261185,-0.7694073874892998
iDR3.STRIPE82-0001.022752,359.9523724611305,-0.7687879296214233
iDR3.STRIPE82-0001.022793,359.48824107811885,-0.7674457122930471
iDR3.STRIPE82-0001.022893,0.6724482953535795,-0.7641973009088714
iDR3.STRIPE82-0001.022904,359.75580864625266,-0.7637366089087729
iDR3.STRIPE82-0001.022943,359.71505561422447,-0.7630212068649941
iDR3.STRIPE82-0001.022975,0.03176789219443418,-0.7619456350613131
iDR3.STRIPE82-0001.022976,359.6162054355588,-0.7619733135805384
iDR3.STRIPE82-0001.023073,0.39348420915754173,-0.7607662234674402
iDR3.STRIPE82-0001.023263,359.9698275954587,-0.7573326537351782
iDR3.STRIPE82-0001.023269,0.2907814721700215,-0.7526595110567241
iDR3.STRIPE82-0001.023336,359.9157614006605,-0.7504304411546676
iDR3.STRIPE82-0001.023369,0.6453254566918394,-0.749345481747745
iDR3.STRIPE82-0001.023441,0.1702783993179405,-0.7474255164836379
iDR3.STRIPE82-0001.023450,0.46448654106192366,-0.7471585507650325
iDR3.STRIPE82-0001.023763,359.30921975057544,-0.7378732073962682
iDR3.STRIPE82-0001.023774,0.39185484645164315,-0.738307289514002
iDR3.STRIPE82-0001.023852,359.4333123492153,-0.7351770087350835
iDR3.STRIPE82-0001.023880,359.44751585814544,-0.7342873155697501
iDR3.STRIPE82-0001.023916,0.31328454786178755,-0.7328272871370146
iDR3.STRIPE82-0001.023917,359.3377777804116,-0.7370772465317755
iDR3.STRIPE82-0001.024021,0.38846881588542087,-0.7305195158064691
iDR3.STRIPE82-0001.024094,0.623073874150787,-0.7594678591642552
iDR3.STRIPE82-0001.024115,359.36770863694363,-0.7254949555042861
iDR3.STRIPE82-0001.024122,0.06745847453364201,-0.7253451757012881
iDR3.STRIPE82-0001.024133,359.3966625159129,-0.727041390357594
iDR3.STRIPE82-0001.024159,0.051948240606042154,-0.7240038528095687
iDR3.STRIPE82-0001.024215,0.032345493999979644,-0.723630025232808
iDR3.STRIPE82-0001.024223,0.4793462115118361,-0.7219578335809865
iDR3.STRIPE82-0001.024341,0.294157153735948,-0.7175341516710122
iDR3.STRIPE82-0001.024546,0.48209217797995774,-0.7096648165835965
iDR3.STRIPE82-0001.024596,359.6912232076007,-0.708034237332517
iDR3.STRIPE82-0001.024610,0.5376254228986646,-0.71239666463407
iDR3.STRIPE82-0001.024641,0.6330295269721589,-0.706609735997395
iDR3.STRIPE82-0001.024862,0.5864808431161379,-0.7031455864987355
iDR3.STRIPE82-0001.024871,359.4085017680246,-0.6998678772896513
iDR3.STRIPE82-0001.024976,0.36747760035679616,-0.6964616923432889
iDR3.STRIPE82-0001.024980,0.563734882325703,-0.6966177671789062
iDR3.STRIPE82-0001.024990,359.9330095052555,-0.6959694598818138
iDR3.STRIPE82-0001.025058,0.1477991728644479,-0.6950962858221056
iDR3.STRIPE82-0001.025080,359.4430245865242,-0.6957947686358499
iDR3.STRIPE82-0001.025087,359.4189967680895,-0.6928209610585121
iDR3.STRIPE82-0001.025155,0.3513237374750868,-0.6949624116792869
iDR3.STRIPE82-0001.025357,0.3104454112301178,-0.6930542222432229
iDR3.STRIPE82-0001.025379,359.9122036855859,-0.6842910436223513
iDR3.STRIPE82-0001.025388,359.40000852327233,-0.6851114333871853
iDR3.STRIPE82-0001.025392,359.9226659854265,-0.6841004310959
iDR3.STRIPE82-0001.025441,0.5493113380204345,-0.6826326227432102
iDR3.STRIPE82-0001.025470,0.4285963959843668,-0.6820438089069768
iDR3.STRIPE82-0001.025503,359.9192763200658,-0.6812599958775158
iDR3.STRIPE82-0001.025596,0.6654859631791523,-0.6810319288428727
iDR3.STRIPE82-0001.025610,359.31696033795265,-0.6790153557365766
iDR3.STRIPE82-0001.025655,359.52371874857147,-0.678731271385338
iDR3.STRIPE82-0001.025683,0.5523865096286583,-0.6803774166801938
iDR3.STRIPE82-0001.025769,0.1556053904906361,-0.6723849825386814
iDR3.STRIPE82-0001.025815,0.46681415041277624,-0.6711970497480285
iDR3.STRIPE82-0001.025853,0.25919623218776244,-0.6703370003202416
iDR3.STRIPE82-0001.025890,0.4061407754185192,-0.6688354055226573
iDR3.STRIPE82-0001.026000,0.20063096033070799,-0.6650812528429664
iDR3.STRIPE82-0001.026052,0.3265591293152845,-0.6623374484014672
iDR3.STRIPE82-0001.026062,0.4403201093839277,-0.6653325079699097
iDR3.STRIPE82-0001.026076,0.6446711588032388,-0.6823387815638129
iDR3.STRIPE82-0001.026123,0.4017001667949121,-0.6600725079887662
iDR3.STRIPE82-0001.026144,0.6244838313715592,-0.659384422590546
iDR3.STRIPE82-0001.026166,0.6178753617047128,-0.6587219661254106
iDR3.STRIPE82-0001.026219,0.6889562684919776,-0.6630340392503455
iDR3.STRIPE82-0001.026250,0.04489962163545785,-0.6555663198528874
iDR3.STRIPE82-0001.026265,359.8918541803774,-0.6554531746085174
iDR3.STRIPE82-0001.026303,359.846238657022,-0.6543362916869321
iDR3.STRIPE82-0001.026315,359.7442207716323,-0.6687977257327835
iDR3.STRIPE82-0001.026358,359.46463091591585,-0.6524513067359317
iDR3.STRIPE82-0001.026370,0.6527073857987847,-0.6517950811660533
iDR3.STRIPE82-0001.026404,0.33929298055391904,-0.6504640634076997
iDR3.STRIPE82-0001.026456,0.4582353247558856,-0.6565772626135411
iDR3.STRIPE82-0001.026463,0.06745742360283162,-0.6485406180930507
iDR3.STRIPE82-0001.026512,0.18291474099115385,-0.6467900185882252
iDR3.STRIPE82-0001.026596,0.01959554429236972,-0.6457472677629666
iDR3.STRIPE82-0001.026613,359.45796045711904,-0.643395890583677
iDR3.STRIPE82-0001.026654,0.0776617448032621,-0.6513536948514278
iDR3.STRIPE82-0001.026762,0.4620138942113747,-0.653705579473478
iDR3.STRIPE82-0001.026804,359.3353775104659,-0.6370957365191939
iDR3.STRIPE82-0001.026844,0.04838102650627284,-0.6440132013309641
iDR3.STRIPE82-0001.026850,0.6393272248251983,-0.6355137342495507
iDR3.STRIPE82-0001.026883,0.11033467341561494,-0.6344960216740981
iDR3.STRIPE82-0001.026911,359.54568913144,-0.6335835958326621
iDR3.STRIPE82-0001.026926,0.6148712869532917,-0.6390165289874742
iDR3.STRIPE82-0001.027082,359.59609547300823,-0.6294270162897091
iDR3.STRIPE82-0001.027114,0.35529027790671763,-0.627791660608012
iDR3.STRIPE82-0001.027174,0.6268064520337983,-0.6255094114129282
iDR3.STRIPE82-0001.027261,359.56291400533905,-0.6280196746390796
iDR3.STRIPE82-0001.027273,359.6204670995632,-0.6224436873242254
iDR3.STRIPE82-0001.027278,359.67711513079956,-0.623507873503715
iDR3.STRIPE82-0001.027284,0.6391726391441753,-0.6235882555272413
iDR3.STRIPE82-0001.027290,0.594299233575877,-0.6225509308570113
iDR3.STRIPE82-0001.027433,359.3686573752852,-0.6275274984381134
iDR3.STRIPE82-0001.027480,0.48261509006640774,-0.6193323811414233
iDR3.STRIPE82-0001.027513,359.3055131771923,-0.6194364958150322
iDR3.STRIPE82-0001.027603,0.04403310223820643,-0.6236596402939026
iDR3.STRIPE82-0001.027635,0.30945757223867576,-0.612399871324966
iDR3.STRIPE82-0001.027663,0.5935777030811151,-0.6114990178872239
iDR3.STRIPE82-0001.027863,359.6748505240561,-0.6059219925031488
iDR3.STRIPE82-0001.027890,359.7997728871651,-0.6052442175454414
iDR3.STRIPE82-0001.028013,359.31560063190267,-0.6013142851572832
iDR3.STRIPE82-0001.028100,359.60234429927164,-0.6038188977727604
iDR3.STRIPE82-0001.028123,0.45385112819638557,-0.6014976153071222
iDR3.STRIPE82-0001.028128,0.5932670935800198,-0.5984766814452028
iDR3.STRIPE82-0001.028172,359.3586504090879,-0.5975993907058386
iDR3.STRIPE82-0001.028294,0.6558232594498168,-0.59334025936752
iDR3.STRIPE82-0001.028305,0.5193105728334875,-0.5933787679671181
iDR3.STRIPE82-0001.028357,359.3426024425022,-0.592996215547399
iDR3.STRIPE82-0001.028482,0.10430401005691713,-0.5877475855068179
iDR3.STRIPE82-0001.028497,359.52832863645216,-0.587322333317533
iDR3.STRIPE82-0001.028509,359.6309822376682,-0.5869022411669997
iDR3.STRIPE82-0001.028529,0.16719523032927325,-0.5882254355781183
iDR3.STRIPE82-0001.028564,359.5302766443046,-0.5852616959725948
iDR3.STRIPE82-0001.028575,359.40666817185024,-0.5884190691202831
iDR3.STRIPE82-0001.028624,0.6683041955821629,-0.5837811647544497
iDR3.STRIPE82-0001.028632,0.6261111007837968,-0.5852442996590911
iDR3.STRIPE82-0001.028643,359.69524062955094,-0.5832754495926747
iDR3.STRIPE82-0001.028687,0.033232486672072216,-0.5820038965737557
iDR3.STRIPE82-0001.028718,0.708939994755959,-0.588763571670498
iDR3.STRIPE82-0001.028770,0.10727574054320464,-0.5813976306501856
iDR3.STRIPE82-0001.028771,0.4047576905634167,-0.5797804046381563
iDR3.STRIPE82-0001.028824,359.62678649137996,-0.5785562071504925
iDR3.STRIPE82-0001.028835,359.6235195320864,-0.5814939567871183
iDR3.STRIPE82-0001.028840,359.47650470261004,-0.5780487890363745
iDR3.STRIPE82-0001.028945,0.22211526042172797,-0.5751758270935408
iDR3.STRIPE82-0001.028949,0.6827888790761476,-0.5767728682403199
iDR3.STRIPE82-0001.028954,359.7212619251873,-0.5745774442529554
iDR3.STRIPE82-0001.028955,359.28902060353784,-0.580164387218976
iDR3.STRIPE82-0001.029011,359.9349746670683,-0.576760772963802
iDR3.STRIPE82-0001.029027,359.4206226219403,-0.5783065952310351
iDR3.STRIPE82-0001.029093,359.2939073257403,-0.5731942117924588
iDR3.STRIPE82-0001.029106,0.5045933731854281,-0.5700693077438713
iDR3.STRIPE82-0001.029185,0.43122769770571817,-0.5677876719813538
iDR3.STRIPE82-0001.029226,0.6807167088196244,-0.5665327073688261
iDR3.STRIPE82-0001.029258,0.1146347584742477,-0.5659723794818216
iDR3.STRIPE82-0001.029269,0.4991553749840831,-0.5652583864785838
iDR3.STRIPE82-0001.029446,0.1636914106823141,-0.5601809604575133
iDR3.STRIPE82-0001.029449,359.31150993389383,-0.6433721061966401
iDR3.STRIPE82-0001.029505,359.55470704527454,-0.5595045794600491
iDR3.STRIPE82-0001.029546,0.4174108118884878,-0.564021469747794
iDR3.STRIPE82-0001.029560,0.6620348581965662,-0.5574039282957266
iDR3.STRIPE82-0001.029636,0.13546488462453093,-0.5552331977774682
iDR3.STRIPE82-0001.029702,0.515192641212932,-0.5602682691123105
iDR3.STRIPE82-0001.029719,0.5453398506631779,-0.5527841616423884
iDR3.STRIPE82-0001.029778,0.7009441678407538,-0.5506931102834807
iDR3.STRIPE82-0001.029885,359.4603079718897,-0.5475164266013447
iDR3.STRIPE82-0001.029955,359.83998410341974,-0.5454095773412494
iDR3.STRIPE82-0001.029956,0.6916596408807606,-0.5455456576961077
iDR3.STRIPE82-0001.029964,359.5687669282392,-0.5453104012476218
iDR3.STRIPE82-0001.030007,0.5468412241367901,-0.5451196839547477
iDR3.STRIPE82-0001.030081,359.3922082259762,-0.5450913039402254
iDR3.STRIPE82-0001.030085,0.14106106085993048,-0.5460220310604395
iDR3.STRIPE82-0001.030205,359.7815156834607,-0.5387612004431709
iDR3.STRIPE82-0001.030235,0.2422059564404048,-0.5382627125105186
iDR3.STRIPE82-0001.030269,0.6030640591413979,-0.5479358519749372
iDR3.STRIPE82-0001.030315,0.33904579948778046,-0.5353665193304766
iDR3.STRIPE82-0001.030361,359.8007831451572,-0.5742749649261853
iDR3.STRIPE82-0001.030413,0.6237366166229227,-0.5328430365064157
iDR3.STRIPE82-0001.030455,0.6052093514626617,-0.5368174515443195
iDR3.STRIPE82-0001.030476,0.4744088837969926,-0.5310165633299717
iDR3.STRIPE82-0001.030585,0.709722579256041,-0.5280544472111885
iDR3.STRIPE82-0001.030614,0.6496717558931805,-0.5261815869785291
iDR3.STRIPE82-0001.030689,0.361965962747458,-0.5238376896772057
iDR3.STRIPE82-0001.030699,0.5829968036620226,-0.5259016399785633
iDR3.STRIPE82-0001.030714,0.6722216456990073,-0.5232461690158372
iDR3.STRIPE82-0001.030717,0.6755184832932634,-0.5231441084011433
iDR3.STRIPE82-0001.030736,359.82986644284455,-0.522531146183669
iDR3.STRIPE82-0001.030747,0.6424294801509904,-0.522158387002595
iDR3.STRIPE82-0001.030844,0.02091919033589569,-0.5194037586523056
iDR3.STRIPE82-0001.030862,0.672335607926085,-0.5197162724013908
iDR3.STRIPE82-0001.030926,0.5997073452469585,-0.5179803683860426
iDR3.STRIPE82-0001.030929,359.6920552732056,-0.5169638288074627
iDR3.STRIPE82-0001.030962,359.5255990424854,-0.5157560928554343
iDR3.STRIPE82-0001.030976,0.394632982296467,-0.5176338407240801
iDR3.STRIPE82-0001.031114,359.6591306107103,-0.5116110022342618
iDR3.STRIPE82-0001.031162,0.6650006561117889,-0.5158306097443762
iDR3.STRIPE82-0001.031174,359.5650403570603,-0.5096790003905949
iDR3.STRIPE82-0001.031184,0.05248351801861413,-0.5094710551984193
iDR3.STRIPE82-0001.031216,359.8610715369201,-0.5084610236934727
iDR3.STRIPE82-0001.031274,359.38758809573307,-0.5065895957952038
iDR3.STRIPE82-0001.031313,359.6163291587947,-0.5062845566748813
iDR3.STRIPE82-0001.031342,0.37539188795180223,-0.505386294205234
iDR3.STRIPE82-0001.031346,0.10476938211064869,-0.5052354294760676
iDR3.STRIPE82-0001.031386,0.6406850424924375,-0.5031802588133788
iDR3.STRIPE82-0001.031470,359.6114111371024,-0.5040981746571943
iDR3.STRIPE82-0001.031475,359.43766520252336,-0.5038480321241438
iDR3.STRIPE82-0001.031479,0.5156616658685759,-0.501352098914242
iDR3.STRIPE82-0001.031536,0.377015074239136,-0.5083567965141069
iDR3.STRIPE82-0001.031542,359.701980008096,-0.4989379083144781
iDR3.STRIPE82-0001.031563,0.1881818315116287,-0.4991407001084175
iDR3.STRIPE82-0001.031579,0.6860114548137785,-0.5099107938271525
iDR3.STRIPE82-0001.031843,359.4121106402851,-0.48914275486638636
iDR3.STRIPE82-0001.031921,359.75030501088185,-0.48908231740621594
iDR3.STRIPE82-0001.031943,359.7170078674947,-0.4874713675725064
iDR3.STRIPE82-0001.032009,0.6742940242215031,-0.48414607695667233
iDR3.STRIPE82-0001.032200,359.7279604962661,-0.4784098744093933
iDR3.STRIPE82-0001.032236,0.5939522705701313,-0.47745817274900076
iDR3.STRIPE82-0001.032256,359.75739850880854,-0.4814201759814962
iDR3.STRIPE82-0001.032321,0.12944590754600882,-0.47464995716186864
iDR3.STRIPE82-0001.032364,359.438765403475,-0.49959662166524377
iDR3.STRIPE82-0001.032368,359.770324595651,-0.47488253716366324
iDR3.STRIPE82-0001.032542,359.73082482277204,-0.46751066284512466
iDR3.STRIPE82-0001.032681,359.5977965002266,-0.4629224391825323
iDR3.STRIPE82-0001.032702,359.98675649563353,-0.46241501968940385
iDR3.STRIPE82-0001.032716,359.44210278415204,-0.4620125017918796
iDR3.STRIPE82-0001.032829,359.98954856844256,-0.45861948939521086
iDR3.STRIPE82-0001.032936,359.4127974374561,-0.4582279247720025
iDR3.STRIPE82-0001.032967,0.36406365651134986,-0.45445391438235805
iDR3.STRIPE82-0001.032996,0.09735759731500701,-0.4534931277495189
iDR3.STRIPE82-0001.033045,0.29212021753475437,-0.45211217409125265
iDR3.STRIPE82-0001.033072,359.3320047599108,-0.45117531707881403
iDR3.STRIPE82-0001.033093,359.45828475300846,-0.45079903484409284
iDR3.STRIPE82-0001.033370,0.11657152268874935,-0.4481745854081282
iDR3.STRIPE82-0001.033412,0.3504482341375548,-0.44368943915215553
iDR3.STRIPE82-0001.033581,0.22509731385036888,-0.4358225009331819
iDR3.STRIPE82-0001.033648,0.3667285549954044,-0.4337577468921191
iDR3.STRIPE82-0001.033791,359.8343637725968,-0.42929534559284
iDR3.STRIPE82-0001.033810,0.5410051740895802,-0.42930694042230405
iDR3.STRIPE82-0001.033890,0.10324990776534612,-0.4261809203219546
iDR3.STRIPE82-0001.033894,359.98849891336107,-0.42603174945809863
iDR3.STRIPE82-0001.034004,0.1053077915823642,-0.4280138519037312
iDR3.STRIPE82-0001.034145,0.4058885137691172,-0.41795097032389056
iDR3.STRIPE82-0001.034156,359.60010007779033,-0.42184373157834076
iDR3.STRIPE82-0001.034164,359.6892692468616,-0.4238725108269279
iDR3.STRIPE82-0001.034176,0.28457627063874086,-0.4180896582137711
iDR3.STRIPE82-0001.034193,0.6231482093250216,-0.41646278420878274
iDR3.STRIPE82-0001.034230,359.90805592117425,-0.416850640769262
iDR3.STRIPE82-0001.034451,359.7032259041852,-0.41251343888672554
iDR3.STRIPE82-0001.034548,0.45559740729230724,-0.03375334550448336
iDR3.STRIPE82-0001.034715,0.15901778162461605,-0.038313152204992595
iDR3.STRIPE82-0001.034787,359.48881484460475,-0.1180138736185281
iDR3.STRIPE82-0001.034887,0.4042917385126369,-0.10464538201166684
iDR3.STRIPE82-0001.034914,359.4717284452205,-0.14139160039949156
iDR3.STRIPE82-0001.035006,0.20092633858481823,-0.13242311285603592
iDR3.STRIPE82-0001.035034,0.0868421328840279,-0.1442872116063613
iDR3.STRIPE82-0001.035142,0.5235560935555085,-0.15063090365648946
iDR3.STRIPE82-0001.035196,0.09306654953089318,-0.14900349816435782
iDR3.STRIPE82-0001.035296,359.9094309857636,-0.1525031394302404
iDR3.STRIPE82-0001.035383,0.31056755762269117,-0.15405093482113688
iDR3.STRIPE82-0001.035398,359.5786009450344,-0.15537900629990078
iDR3.STRIPE82-0001.035550,0.47201204677772646,-0.15902210255079738
iDR3.STRIPE82-0001.035607,359.7437112155175,-0.1601235793801446
iDR3.STRIPE82-0001.035635,0.6950070840976853,-0.16197437278248364
iDR3.STRIPE82-0001.035691,359.7377969879637,-0.16399942306074233
iDR3.STRIPE82-0001.036020,359.4337659449009,-0.1748919085940823
iDR3.STRIPE82-0001.036061,359.9080089526477,-0.20219054700632064
iDR3.STRIPE82-0001.036066,0.6606750384327057,-0.2029552534892495
iDR3.STRIPE82-0001.036217,0.5531983368520195,-0.3025250550801519
iDR3.STRIPE82-0001.036424,0.42888813477901483,-0.2872424811137323
iDR3.STRIPE82-0001.036434,359.3692542684272,-0.20912984865506262
iDR3.STRIPE82-0001.036436,0.30200778822307767,-0.21001519951072797
iDR3.STRIPE82-0001.036620,359.7385430256018,-0.21359260050426127
iDR3.STRIPE82-0001.036634,0.5400067947769975,-0.21284777567052293
iDR3.STRIPE82-0001.036895,0.21531930507794284,-0.21671035746540973
iDR3.STRIPE82-0001.036950,0.6763085563923896,-0.22224374506844072
iDR3.STRIPE82-0001.037060,359.6300941056664,-0.2214660970514473
iDR3.STRIPE82-0001.037110,0.36871005319513617,-0.22442669671153556
iDR3.STRIPE82-0001.037124,0.2500331905414903,-0.29146742706522566
iDR3.STRIPE82-0001.037350,0.3350181631830006,-0.22340488593477775
iDR3.STRIPE82-0001.037399,359.30463396558093,-0.29482005950942064
iDR3.STRIPE82-0001.037467,359.7242153697737,-0.23102410028777454
iDR3.STRIPE82-0001.037544,0.06709911364968497,-0.23285687519171297
iDR3.STRIPE82-0001.037548,359.8102043846196,-0.0006005514632214152
iDR3.STRIPE82-0001.037559,359.75899873542477,-0.23270941688547986
iDR3.STRIPE82-0001.037648,359.37036030722913,-0.23503330264424627
iDR3.STRIPE82-0001.037671,359.7925902772656,-0.2935380368420628
iDR3.STRIPE82-0001.037744,359.488151343164,-0.17442582825071004
iDR3.STRIPE82-0001.037772,0.569807030136164,-0.3694570789458021
iDR3.STRIPE82-0001.037811,0.3583349538766034,-0.2964910531307119
iDR3.STRIPE82-0001.037872,0.1852581444764274,-0.23891184589265457
iDR3.STRIPE82-0001.038003,0.05601562749958492,-0.24129489668361429
iDR3.STRIPE82-0001.038024,0.19261863183114802,-0.24070069305257627
iDR3.STRIPE82-0001.038046,0.4499057506571961,-0.28481815739022265
iDR3.STRIPE82-0001.038083,0.37332145039166337,-0.2426160600114554
iDR3.STRIPE82-0001.038209,359.3425459811619,-0.00042002290618477504
iDR3.STRIPE82-0001.038246,359.2932092457717,-0.24663152825040693
iDR3.STRIPE82-0001.038254,0.45588717038787197,-0.24419284512256445
iDR3.STRIPE82-0001.038362,0.37597280856866944,-0.24619569888125387
iDR3.STRIPE82-0001.038383,0.07580747294413075,-0.24797723933352364
iDR3.STRIPE82-0001.038457,0.6445827267457299,-0.12022080604878552
iDR3.STRIPE82-0001.038572,359.9443384082118,-0.18221073277807226
iDR3.STRIPE82-0001.038639,359.6510160036731,-0.2546906209483027
iDR3.STRIPE82-0001.038721,359.2966270234425,-0.25767984323871146
iDR3.STRIPE82-0001.038752,0.26120016460229006,-0.2571640859773284
iDR3.STRIPE82-0001.038818,359.7006824072605,-0.2566797486956652
iDR3.STRIPE82-0001.038998,0.7056788671168258,-0.27390231406769794
iDR3.STRIPE82-0001.039071,0.6870062601192345,-0.27128444500815624
iDR3.STRIPE82-0001.039076,359.7632149391649,-0.2648730711708114
iDR3.STRIPE82-0001.039263,359.7467733637975,-0.2706661216561745
iDR3.STRIPE82-0001.039273,359.677633236832,-0.27110894040579764
iDR3.STRIPE82-0001.039449,359.5755835932177,-0.27560778182097856
iDR3.STRIPE82-0001.039558,0.4288182376572869,-0.27875111097197197
iDR3.STRIPE82-0001.039562,0.15707091612668445,-0.2773516542369736
iDR3.STRIPE82-0001.039580,359.37136243015067,-0.27724875947430555
iDR3.STRIPE82-0001.039673,359.38972462813183,-0.29916168714961333
iDR3.STRIPE82-0001.039748,0.5176647511196136,-0.3007377598999631
iDR3.STRIPE82-0001.039773,359.60609142585736,-0.3009877998197319
iDR3.STRIPE82-0001.039778,359.5713424884336,-0.2657621153991521
iDR3.STRIPE82-0001.039810,359.68057445180864,-0.3021437371106967
iDR3.STRIPE82-0001.039935,359.55748593385675,-0.3047031100275108
iDR3.STRIPE82-0001.039958,0.5110418872518755,-0.3061627301350103
iDR3.STRIPE82-0001.040013,359.5639155856252,-0.306635071016567
iDR3.STRIPE82-0001.040088,0.46253607629756577,-0.30818360005313544
iDR3.STRIPE82-0001.040158,0.5146102849860114,-0.3037677509000167
iDR3.STRIPE82-0001.040176,359.61222494436305,-0.1576622328931659
iDR3.STRIPE82-0001.040189,359.8083115543987,-0.3108483108729289
iDR3.STRIPE82-0001.040194,0.0006543341971741701,-0.18569849127270407
iDR3.STRIPE82-0001.040197,0.6997815611355395,-0.3068772328233238
iDR3.STRIPE82-0001.040219,359.5572308182537,-0.3105808678155127
iDR3.STRIPE82-0001.040329,0.2207162051073598,-0.31158719487200975
iDR3.STRIPE82-0001.040445,359.82021650127666,-0.3152278520578776
iDR3.STRIPE82-0001.040604,0.38346238308600084,-0.31873846510660875
iDR3.STRIPE82-0001.040676,0.6181165649191946,-0.1880086734499875
iDR3.STRIPE82-0001.040760,0.562337556080962,-0.32282253434226504
iDR3.STRIPE82-0001.040803,359.71799155795543,-0.32231292684945007
iDR3.STRIPE82-0001.040824,359.4142226553217,-0.17745790306326062
iDR3.STRIPE82-0001.040894,0.26756972039089344,-0.3252250278395782
iDR3.STRIPE82-0001.041028,0.17933141297565233,-0.3263305315472267
iDR3.STRIPE82-0001.041075,0.35198655024951897,-0.17658407372772933
iDR3.STRIPE82-0001.041119,0.1021685775258414,-0.32858023436667755
iDR3.STRIPE82-0001.041128,359.59168869439907,-0.19086895202055673
iDR3.STRIPE82-0001.041230,359.31429680378454,-0.3303943148140076
iDR3.STRIPE82-0001.041287,0.21646258464826398,-0.33038480774909323
iDR3.STRIPE82-0001.041492,359.3708541625959,-0.3316628318090565
iDR3.STRIPE82-0001.041603,0.18729757852563392,-0.19300662015290407
iDR3.STRIPE82-0001.041792,0.5038454091473753,-0.34311145443001545
iDR3.STRIPE82-0001.041794,0.6376485780386466,-0.18873408795945826
iDR3.STRIPE82-0001.041808,0.3567815763996131,-0.20435089837244128
iDR3.STRIPE82-0001.041831,0.5645047085692144,-0.19566455452158002
iDR3.STRIPE82-0001.041971,0.5730895964147581,-0.3435454912762715
iDR3.STRIPE82-0001.042062,0.36810544525102445,-0.22947251157400347
iDR3.STRIPE82-0001.042126,359.34375288701244,-0.3468506065857219
iDR3.STRIPE82-0001.042193,359.81898677917616,-0.3350706783571003
iDR3.STRIPE82-0001.042292,359.32819287431124,-0.0004294297480659039
iDR3.STRIPE82-0001.042337,359.96888741061264,-0.35101376054323197
iDR3.STRIPE82-0001.042361,359.9529765323376,-0.35228516622545764
iDR3.STRIPE82-0001.042458,359.72661896768636,-0.3530730938645538
iDR3.STRIPE82-0001.042467,0.3598144573904278,-0.20921059002313483
iDR3.STRIPE82-0001.042476,359.7456038527749,-0.3546692544879643
iDR3.STRIPE82-0001.042591,0.4773608716011305,-0.19619916363999698
iDR3.STRIPE82-0001.042747,359.3832009299016,-0.3592358507254978
iDR3.STRIPE82-0001.042908,0.1723349588125442,-0.36485438364346795
iDR3.STRIPE82-0001.042922,0.3451074935101378,-0.3650738849751548
iDR3.STRIPE82-0001.043154,0.662044061377185,-0.3482542425089231
iDR3.STRIPE82-0001.043218,359.77097151557444,-0.3716804925707634
iDR3.STRIPE82-0001.043246,359.8765872535378,-0.3736599155876087
iDR3.STRIPE82-0001.043315,0.4901242700071239,-0.37319922473943423
iDR3.STRIPE82-0001.043427,359.28861670716805,-0.3778435610712062
iDR3.STRIPE82-0001.043432,0.3037740323245139,-0.37627089195467167
iDR3.STRIPE82-0001.043511,359.7084240461177,-0.3779579039884786
iDR3.STRIPE82-0001.043606,359.7714369837778,-0.38016045269393833
iDR3.STRIPE82-0001.043749,0.6563574328143877,-0.3741819518022866
iDR3.STRIPE82-0001.043752,359.3659903120603,-0.38322665304638337
iDR3.STRIPE82-0001.043867,0.5416640244500578,-0.38114450285385065
iDR3.STRIPE82-0001.043873,359.3051277399908,-0.38661234460324606
iDR3.STRIPE82-0001.043928,359.6406774556071,-0.3862728955229844
iDR3.STRIPE82-0001.044127,0.4994279555869638,-0.3923089156368336
iDR3.STRIPE82-0001.044177,359.3291143121353,-0.392935414983735
iDR3.STRIPE82-0001.044202,0.11355856156610877,-0.39490714802651444
iDR3.STRIPE82-0001.044251,0.5348877223824774,-0.39365961066001814
iDR3.STRIPE82-0001.044289,0.39886771911445346,-0.3950831080974701
iDR3.STRIPE82-0001.044318,0.601317699493577,-0.4022220380052577
iDR3.STRIPE82-0001.044433,359.81304250009333,-0.12458070002835783
iDR3.STRIPE82-0001.044462,0.5889090670991609,-0.4011372376054031
iDR3.STRIPE82-0001.044464,0.48857340439352037,-0.40021321969734436
iDR3.STRIPE82-0001.044491,0.6456321100347481,-0.4013957623094945
iDR3.STRIPE82-0001.044528,0.011055346006273573,-0.4019295419373087
iDR3.STRIPE82-0001.044529,359.6804690963367,-0.40054374304079615
iDR3.STRIPE82-0001.044713,0.6794657633776255,-0.40945763832792953
iDR3.STRIPE82-0001.044757,0.493458882889225,0.010431330599503985
iDR3.STRIPE82-0001.044895,359.8865170508556,-0.4064548847777627
iDR3.STRIPE82-0001.044939,0.5523223914877317,0.004722253683136302
iDR3.STRIPE82-0001.044959,359.7030041115388,-0.4062706766924077
iDR3.STRIPE82-0001.044988,0.47070292236073047,-0.19853836586393656
iDR3.STRIPE82-0001.044995,0.17146791882064516,0.008757294262662264
iDR3.STRIPE82-0001.045176,359.9195265995875,-0.004810354066378954
iDR3.STRIPE82-0001.045212,0.132694537986881,0.00023514976992661835
iDR3.STRIPE82-0001.045215,359.4272406687786,-0.19800143146375376
iDR3.STRIPE82-0001.045272,359.29889134323366,-3.3595289844320735e-06
iDR3.STRIPE82-0001.045395,0.43233491014213843,-0.02893364623021799
iDR3.STRIPE82-0001.045417,0.5446934494426243,-0.013520347693399116
iDR3.STRIPE82-0001.045461,0.5384656332185495,-0.008560204151751113
iDR3.STRIPE82-0001.045501,359.73223885733836,-0.008053150490959065
iDR3.STRIPE82-0001.045580,0.3737742889620351,-0.012624241698666347
iDR3.STRIPE82-0001.045651,0.2795616554626826,-0.014547705065496228
iDR3.STRIPE82-0001.045729,359.8122829922912,-0.507441446081461
iDR3.STRIPE82-0001.045760,0.163833783009981,-0.013397478037098148
iDR3.STRIPE82-0001.045920,359.61921577837774,-0.020548319898908568
iDR3.STRIPE82-0001.045927,0.5579192801062431,-0.020863155679847957
iDR3.STRIPE82-0001.045960,359.317321367682,-0.01820967825129668
iDR3.STRIPE82-0001.046001,359.74288998241286,-0.013896834796671127
iDR3.STRIPE82-0001.046007,0.37803310934536305,-0.022793552482699604
iDR3.STRIPE82-0001.046062,0.3368619610946793,-0.02516254491934262
iDR3.STRIPE82-0001.046121,359.62396450767034,-0.021476918584384642
iDR3.STRIPE82-0001.046194,0.35965205613022744,-0.02857187445627962
iDR3.STRIPE82-0001.046252,0.31585945721699255,-0.030861923917685795
iDR3.STRIPE82-0001.046300,0.4134685169277585,-0.031243126561555777
iDR3.STRIPE82-0001.046370,0.34152577844582926,-0.030510076382446818
iDR3.STRIPE82-0001.046508,359.6159716394942,-0.04847890708097622
iDR3.STRIPE82-0001.046549,359.5360647124623,-0.04840335609745995
iDR3.STRIPE82-0001.046587,0.4217326344221783,-0.04918772935995478
iDR3.STRIPE82-0001.046661,0.25035465586054395,-0.050971345714286104
iDR3.STRIPE82-0001.046723,0.29252060313921197,-0.04963932054404839
iDR3.STRIPE82-0001.046761,359.61299697897726,-0.0454915802864164
iDR3.STRIPE82-0001.046808,0.26571651210744746,-0.048214359669377
iDR3.STRIPE82-0001.046820,0.3759063478529864,-0.055037254185731355
iDR3.STRIPE82-0001.046903,359.96042387128625,-0.051708837312029826
iDR3.STRIPE82-0001.046975,359.327807167438,-0.04616684664048004
iDR3.STRIPE82-0001.046985,359.99234319028335,-0.055701186100813274
iDR3.STRIPE82-0001.046995,359.42336439823646,-0.12774454814996308
iDR3.STRIPE82-0001.047068,0.44719129187085005,-0.058421711876181455
iDR3.STRIPE82-0001.047075,359.89686106599737,-0.0951013981954507
iDR3.STRIPE82-0001.047168,0.26077934759297744,-0.060482004713315655
iDR3.STRIPE82-0001.047187,359.47740847561346,-0.09520994745810668
iDR3.STRIPE82-0001.047225,0.394951158273804,-0.06391048661249484
iDR3.STRIPE82-0001.047567,0.08331621236555253,-0.09121459037609689
iDR3.STRIPE82-0001.047621,359.8604090156887,-0.06977665263365924
iDR3.STRIPE82-0001.047648,359.4286617206215,-0.07671698774725842
iDR3.STRIPE82-0001.047748,359.9521783718628,-0.07378564036794065
iDR3.STRIPE82-0001.047754,359.3790699263236,-0.07369760790557288
iDR3.STRIPE82-0001.047900,0.7038019718959612,-0.09455634336712158
iDR3.STRIPE82-0001.048128,359.407222969795,-0.08923471984212679
iDR3.STRIPE82-0001.048205,359.7569337109784,-0.08255409241677289
iDR3.STRIPE82-0001.048206,0.2937654609309042,-0.12307754968975668
iDR3.STRIPE82-0001.048298,0.607822938445583,-0.08575779450522344
iDR3.STRIPE82-0001.048343,359.68690811456577,-0.09074492757562468
iDR3.STRIPE82-0001.048400,359.4693435515498,-0.08790909590297011
iDR3.STRIPE82-0001.048414,359.92073786439727,-0.07816577676142465
iDR3.STRIPE82-0001.048422,0.006467236104196678,-0.09254460155200539
iDR3.STRIPE82-0001.048501,359.5179267421383,-0.09172692719654445
iDR3.STRIPE82-0001.048502,359.6134529687105,-0.09313739866864848
iDR3.STRIPE82-0001.048535,359.6492635610431,-0.09016249443540364
iDR3.STRIPE82-0001.048553,359.89472368165633,-0.09185397368134005
iDR3.STRIPE82-0001.048604,359.558971594273,-0.09193470954563299
iDR3.STRIPE82-0001.048677,359.4148789511953,-0.09245342733465835
iDR3.STRIPE82-0001.048731,0.4760759558195033,-0.12838672056000172
iDR3.STRIPE82-0001.048778,0.2313516272542259,-0.08389275532853006
iDR3.STRIPE82-0001.049008,359.90174641713895,-0.10273281155021326
iDR3.STRIPE82-0001.049051,0.2437722298171981,-0.10270026584103652
iDR3.STRIPE82-0001.049143,359.8481134590008,-0.10822882043911922
iDR3.STRIPE82-0001.049161,0.6095593017718498,-0.10814295044175813
iDR3.STRIPE82-0001.049163,0.24969619675328975,-0.10843981463064045
iDR3.STRIPE82-0001.049198,0.42042108802874717,-0.11131492112594
iDR3.STRIPE82-0001.049210,0.5556142731395536,-0.10911658762875065
iDR3.STRIPE82-0001.049252,0.60453572991556,-0.04389531578324795
iDR3.STRIPE82-0001.049323,359.55316995475795,-0.11116803613503297
iDR3.STRIPE82-0001.049358,359.72021565237003,-0.135144725884598
iDR3.STRIPE82-0001.049362,359.5488340618886,-0.13224650604190688
iDR3.STRIPE82-0001.049445,359.3914673612216,-0.1094238187067921
iDR3.STRIPE82-0001.049469,0.15955143295629093,-0.11602791928247937
